{
  "swagger": "2.0",
  "info": {
    "description": "API for PROJECT_NAME project.",
    "version": "1.0.0",
    "title": "PROJECT_NAME API"
  },
  "basePath": "/api/v1",
  "tags": [
    {
      "name": "settings",
      "description": ""
    },
    {
      "name": "users",
      "description": ""
    },
    {
      "name": "tokens",
      "description": ""
    }
  ],
  "schemes": [
    "http",
    "https"
  ],
  "paths": {
    "/settings": {
      "get": {
        "tags": [
          "api"
        ],
        "summary": "Get api settings",
        "operationId": "api-settings",
        "produces": [
          "application/json",
          "text/xml"
        ],
        "parameters": [],
        "responses": {
          "200": {
            "description": "success"
          },
          "404": {
            "description": "page not found"
          }
        }
      }
    },
    "/users": {
      "post": {
        "tags": [
          "users"
        ],
        "summary": "Create a new user (registration)",
        "operationId": "user-create",
        "consumes": [
          "application/form-data"
        ],
        "produces": [
          "application/json",
          "text/xml"
        ],
        "parameters": [
          {
            "in": "formData",
            "name": "username",
            "type": "string",
            "required": true,
            "description": "Minimum 2, maximum 255 characters"
          },
          {
            "in": "formData",
            "name": "password",
            "type": "string",
            "required": true,
            "description": "Minimum 6 characters"
          },
          {
            "in": "formData",
            "name": "email",
            "type": "string",
            "required": true
          }
        ],
        "responses": {
          "201": {
            "description": "success"
          },
          "422": {
            "description": "invalid request data"
          }
        }
      }
    },
    "/users/login": {
      "post": {
        "tags": [
          "users"
        ],
        "summary": "User authorization (login)",
        "operationId": "user-auth",
        "consumes": [
          "application/form-data"
        ],
        "produces": [
          "application/json",
          "text/xml"
        ],
        "parameters": [
          {
            "in": "formData",
            "name": "username",
            "type": "string",
            "required": true,
            "description": "Minimum 2, maximum 255 characters"
          },
          {
            "in": "formData",
            "name": "password",
            "type": "string",
            "required": true,
            "description": "Minimum 6 characters"
          },
          {
            "in": "formData",
            "name": "remember",
            "type": "string",
            "enum": [
              "yes",
              "no"
            ],
            "required": false,
            "description": ""
          },
          {
            "in": "formData",
            "name": "verify_ip",
            "type": "string",
            "enum": [
              "yes",
              "no"
            ],
            "required": false,
            "description": ""
          }
        ],
        "responses": {
          "200": {
            "description": "success"
          },
          "422": {
            "description": "invalid request data"
          }
        }
      }
    },
    "/users/current": {
      "get": {
        "tags": [
          "users"
        ],
        "summary": "Get current identity user",
        "operationId": "user-current",
        "produces": [
          "application/json",
          "text/xml"
        ],
        "parameters": [],
        "responses": {
          "200": {
            "description": "success"
          },
          "401": {
            "description": "unauthorized"
          },
          "404": {
            "description": "user not found"
          }
        }
      }
    },
    "/users/{id}": {
      "delete": {
        "tags": [
          "users"
        ],
        "summary": "Delete user",
        "operationId": "user-delete",
        "consumes": [
          "application/form-data"
        ],
        "produces": [
          "application/json",
          "text/xml"
        ],
        "parameters": [
          {
            "in": "path",
            "name": "id",
            "type": "integer",
            "required": true,
            "description": "User ID"
          }
        ],
        "responses": {
          "200": {
            "description": "success"
          },
          "401": {
            "description": "unauthorized"
          },
          "404": {
            "description": "user not found"
          }
        }
      }
    },
    "/tokens/user/current": {
      "post": {
        "tags": [
          "tokens"
        ],
        "summary": "Get current user token",
        "operationId": "user-token-current",
        "consumes": [
          "application/form-data"
        ],
        "produces": [
          "application/json",
          "text/xml"
        ],
        "responses": {
          "200": {
            "description": "success"
          },
          "401": {
            "description": "unauthorized"
          }
        }
      }
    },
    "/tokens/user/{id}": {
      "get": {
        "tags": [
          "tokens"
        ],
        "summary": "Get user token by ID",
        "operationId": "user-token-view",
        "consumes": [
          "application/form-data"
        ],
        "produces": [
          "application/json",
          "text/xml"
        ],
        "parameters": [
          {
            "in": "path",
            "name": "id",
            "type": "integer",
            "required": true,
            "description": "Token ID"
          }
        ],
        "responses": {
          "200": {
            "description": "success"
          },
          "401": {
            "description": "unauthorized"
          }
        }
      }
    },
    "/tokens/user/extend": {
      "post": {
        "tags": [
          "tokens"
        ],
        "summary": "Extend user token expired time",
        "operationId": "user-token-extend",
        "consumes": [
          "application/form-data"
        ],
        "produces": [
          "application/json",
          "text/xml"
        ],
        "responses": {
          "200": {
            "description": "success"
          },
          "401": {
            "description": "unauthorized"
          },
          "500": {
            "description": "server error"
          }
        }
      }
    },
    "/tokens/user": {
      "post": {
        "tags": [
          "tokens"
        ],
        "summary": "Create a new user token",
        "operationId": "user-token-create",
        "consumes": [
          "application/form-data"
        ],
        "produces": [
          "application/json",
          "text/xml"
        ],
        "parameters": [
          {
            "in": "formData",
            "name": "remember",
            "type": "string",
            "enum": [
              "yes",
              "no"
            ],
            "required": false,
            "description": ""
          },
          {
            "in": "formData",
            "name": "verify_ip",
            "type": "string",
            "enum": [
              "yes",
              "no"
            ],
            "required": false,
            "description": ""
          }
        ],
        "responses": {
          "201": {
            "description": "success"
          },
          "401": {
            "description": "unauthorized"
          }
        }
      }
    }
  },
  "securityDefinitions": {},
  "definitions": {}
}